title,artist,average characters,uniqueness,num long words,I,'s,n't,'m,know,like,And,You,got,nigga,get,shit,go,girl,love,Yeah,time,never,one,say,back,thing,right,But,yeah,They,'re,need,ai,na,popular
0 to 100 / The Catch Up,Drake,4.05891719745,0.403718459495,0.0,0.0,0.0812101910828,0.015923566879,0.0286624203822,0.0222929936306,0.00477707006369,0.00955414012739,0.0031847133758,0.0015923566879,0.00796178343949,0.0286624203822,0.0031847133758,0.0286624203822,0.00636942675159,0.0,0.0015923566879,0.00477707006369,0.0,0.0015923566879,0.00477707006369,0.0015923566879,0.0,0.0,0.0,0.0031847133758,0.0,0.00636942675159,0.00636942675159,0.0015923566879,0.0111464968153,0.0031847133758,1
10 Bands,Drake,3.90277777778,0.403189066059,0.0,0.0,0.102777777778,0.0222222222222,0.0333333333333,0.00277777777778,0.00555555555556,0.0222222222222,0.0,0.0,0.0138888888889,0.0111111111111,0.00277777777778,0.00555555555556,0.00277777777778,0.0,0.00277777777778,0.00277777777778,0.00277777777778,0.00555555555556,0.00555555555556,0.0,0.00277777777778,0.00277777777778,0.00277777777778,0.0,0.0,0.00555555555556,0.0,0.00555555555556,0.0222222222222,0.0,1
6 God,Drake,3.699669967,0.409742120344,0.0,0.0,0.128712871287,0.016501650165,0.019801980198,0.042904290429,0.019801980198,0.013201320132,0.003300330033,0.016501650165,0.00660066006601,0.00660066006601,0.013201320132,0.00990099009901,0.003300330033,0.00660066006601,0.0,0.013201320132,0.0,0.0,0.003300330033,0.00660066006601,0.00660066006601,0.026402640264,0.013201320132,0.0,0.0,0.0,0.0,0.0,0.003300330033,0.0,1
6 Man,Drake,3.59765625,0.4,0.0,0.0,0.17578125,0.015625,0.01953125,0.09765625,0.01953125,0.0234375,0.0,0.0078125,0.015625,0.00390625,0.00390625,0.0234375,0.01171875,0.00390625,0.0,0.0,0.0,0.00390625,0.0,0.0,0.0078125,0.00390625,0.0,0.0,0.0,0.0,0.0,0.00390625,0.0,0.00390625,1
9,Drake,3.67918088737,0.504761904762,0.0,0.0,0.119453924915,0.0238907849829,0.0273037542662,0.00682593856655,0.00682593856655,0.0102389078498,0.0102389078498,0.00341296928328,0.0102389078498,0.00341296928328,0.0204778156997,0.0170648464164,0.00682593856655,0.0,0.0,0.00682593856655,0.00682593856655,0.0102389078498,0.00682593856655,0.00682593856655,0.0,0.00341296928328,0.00682593856655,0.00341296928328,0.0,0.00341296928328,0.0,0.0,0.00341296928328,0.0136518771331,1
All Me,Drake,4.08011444921,0.423412204234,0.0,0.0,0.103004291845,0.0400572246066,0.0314735336195,0.0100143061516,0.00429184549356,0.0171673819742,0.0128755364807,0.00286123032904,0.0243204577969,0.0071530758226,0.00572246065808,0.0171673819742,0.00286123032904,0.00429184549356,0.00143061516452,0.0,0.00572246065808,0.0071530758226,0.00429184549356,0.0,0.00429184549356,0.00143061516452,0.00286123032904,0.00572246065808,0.0,0.00286123032904,0.00143061516452,0.0100143061516,0.0114449213162,0.0,1
Back to Back,Drake,3.99717514124,0.450602409639,0.0,0.0,0.090395480226,0.0169491525424,0.0254237288136,0.0197740112994,0.00564971751412,0.00564971751412,0.00282485875706,0.0169491525424,0.0197740112994,0.0310734463277,0.00282485875706,0.0112994350282,0.00564971751412,0.00282485875706,0.00282485875706,0.0225988700565,0.0,0.00282485875706,0.0141242937853,0.0,0.0536723163842,0.0,0.0,0.00282485875706,0.0,0.00847457627119,0.0,0.00564971751412,0.00847457627119,0.00847457627119,1
Best I Ever Had,Drake,4.03219315895,0.338383838384,0.0,0.0,0.120724346076,0.00603621730382,0.0201207243461,0.00402414486922,0.0120724346076,0.00603621730382,0.0160965794769,0.0342052313883,0.00804828973843,0.00603621730382,0.0120724346076,0.00201207243461,0.0,0.00603621730382,0.00201207243461,0.00402414486922,0.0120724346076,0.00804828973843,0.00804828973843,0.0201207243461,0.00201207243461,0.00603621730382,0.00603621730382,0.0,0.00201207243461,0.00201207243461,0.00201207243461,0.0,0.0140845070423,0.0,1
Blem,Drake,3.88492063492,0.331034482759,0.0,0.0,0.142857142857,0.00396825396825,0.00396825396825,0.0119047619048,0.0277777777778,0.00396825396825,0.015873015873,0.00793650793651,0.0119047619048,0.0,0.0119047619048,0.0,0.00396825396825,0.0,0.0,0.0,0.0,0.0119047619048,0.0,0.031746031746,0.0119047619048,0.0,0.0,0.0,0.0,0.0,0.00793650793651,0.0277777777778,0.0,0.015873015873,1
Charged Up,Drake,4.42045454545,0.58961038961,0.0,0.0,0.0681818181818,0.0,0.00568181818182,0.00568181818182,0.0113636363636,0.00568181818182,0.0113636363636,0.00852272727273,0.0113636363636,0.0227272727273,0.00852272727273,0.0142045454545,0.00284090909091,0.0,0.00284090909091,0.0,0.0,0.00568181818182,0.00568181818182,0.0,0.0,0.0,0.0,0.00852272727273,0.0,0.0,0.0,0.00284090909091,0.00284090909091,0.0,1
Child's Play,Drake,4.36966824645,0.350622406639,0.0,0.0,0.0663507109005,0.0284360189573,0.0165876777251,0.0142180094787,0.0236966824645,0.0758293838863,0.0,0.00710900473934,0.00710900473934,0.00473933649289,0.00947867298578,0.0260663507109,0.00710900473934,0.00236966824645,0.00947867298578,0.00710900473934,0.0,0.00236966824645,0.00236966824645,0.00473933649289,0.0118483412322,0.0,0.00236966824645,0.0,0.0142180094787,0.00236966824645,0.0,0.00236966824645,0.0,0.00473933649289,1
Controlla,Drake,4.03728813559,0.417417417417,0.0,0.0,0.0779661016949,0.00338983050847,0.0406779661017,0.0,0.0,0.00677966101695,0.0169491525424,0.0135593220339,0.0,0.0,0.00338983050847,0.0,0.00677966101695,0.0101694915254,0.00338983050847,0.0,0.0,0.0101694915254,0.00338983050847,0.00677966101695,0.00677966101695,0.0101694915254,0.0,0.0101694915254,0.0305084745763,0.0271186440678,0.00338983050847,0.00338983050847,0.0,0.0237288135593,1
Crew Love,Drake,4.58898305085,0.532818532819,0.0,0.0,0.0466101694915,0.0254237288136,0.00423728813559,0.00847457627119,0.00847457627119,0.0296610169492,0.00423728813559,0.0,0.00423728813559,0.00847457627119,0.00423728813559,0.00423728813559,0.0,0.00847457627119,0.0,0.0,0.00847457627119,0.00847457627119,0.00847457627119,0.00423728813559,0.0,0.0,0.0,0.00423728813559,0.0,0.0466101694915,0.0,0.00423728813559,0.00423728813559,0.0,1
Do Not Disturb,Drake,4.51364764268,0.604910714286,0.0,0.0,0.0868486352357,0.0272952853598,0.014888337469,0.00992555831266,0.00992555831266,0.0198511166253,0.00248138957816,0.00496277915633,0.00992555831266,0.00248138957816,0.00992555831266,0.014888337469,0.0124069478908,0.00248138957816,0.00496277915633,0.00744416873449,0.00248138957816,0.0124069478908,0.00744416873449,0.0,0.00496277915633,0.00496277915633,0.00248138957816,0.00248138957816,0.00248138957816,0.00248138957816,0.0,0.0124069478908,0.0,0.0,1
Energy,Drake,4.1914893617,0.421917808219,0.0,0.0,0.09726443769,0.0,0.0,0.0,0.0,0.00911854103343,0.00303951367781,0.00303951367781,0.0759878419453,0.0516717325228,0.0,0.00607902735562,0.00607902735562,0.00303951367781,0.0,0.00607902735562,0.00303951367781,0.00303951367781,0.0182370820669,0.00303951367781,0.0,0.0,0.0,0.00303951367781,0.00607902735562,0.0121580547112,0.0,0.0,0.0,0.00607902735562,1
Faithful,Drake,4.18481848185,0.43567251462,0.0,0.0,0.0693069306931,0.00660066006601,0.042904290429,0.016501650165,0.036303630363,0.029702970297,0.013201320132,0.046204620462,0.00660066006601,0.00660066006601,0.016501650165,0.00660066006601,0.003300330033,0.00990099009901,0.0,0.0,0.00990099009901,0.0,0.0,0.00990099009901,0.003300330033,0.00990099009901,0.0,0.0,0.0,0.0,0.019801980198,0.00990099009901,0.00990099009901,0.00660066006601,1
Fake Love,Drake,4.01798561151,0.269592476489,0.0,0.0,0.0791366906475,0.0143884892086,0.0215827338129,0.0,0.0107913669065,0.0359712230216,0.00359712230216,0.00359712230216,0.0215827338129,0.0,0.00359712230216,0.00359712230216,0.0,0.0,0.0287769784173,0.0107913669065,0.0215827338129,0.0107913669065,0.00719424460432,0.00719424460432,0.00359712230216,0.00359712230216,0.0107913669065,0.0,0.00359712230216,0.0215827338129,0.0,0.0,0.00719424460432,0.0359712230216,1
Fancy,Drake,4.43338683788,0.334600760456,0.0,0.0,0.0128410914928,0.0016051364366,0.00802568218299,0.0,0.00802568218299,0.00642054574639,0.016051364366,0.00642054574639,0.0144462279294,0.0,0.00321027287319,0.0,0.0433386837881,0.0128410914928,0.0016051364366,0.0016051364366,0.00321027287319,0.00802568218299,0.0,0.00321027287319,0.0,0.0016051364366,0.0016051364366,0.0016051364366,0.0,0.00321027287319,0.0,0.0016051364366,0.00802568218299,0.0,1
Feel No Ways,Drake,4.15023474178,0.302419354839,0.0,0.0,0.0610328638498,0.0704225352113,0.0281690140845,0.0,0.0,0.0,0.0281690140845,0.00469483568075,0.0093896713615,0.018779342723,0.0,0.0,0.0093896713615,0.0,0.0,0.0093896713615,0.00469483568075,0.0,0.0,0.018779342723,0.0093896713615,0.0234741784038,0.0093896713615,0.00469483568075,0.0328638497653,0.0,0.0281690140845,0.0,0.0,0.0,1
Fire & Desire,Drake,4.04435483871,0.379790940767,0.0,0.0,0.20564516129,0.0161290322581,0.0201612903226,0.0201612903226,0.00806451612903,0.0282258064516,0.00403225806452,0.0241935483871,0.00403225806452,0.00403225806452,0.00806451612903,0.0,0.0,0.00806451612903,0.0,0.00806451612903,0.0,0.0201612903226,0.0,0.00806451612903,0.00403225806452,0.0120967741935,0.00403225806452,0.0120967741935,0.0120967741935,0.00403225806452,0.00403225806452,0.0120967741935,0.0,0.0161290322581,1
Fireworks,Drake,4.31555555556,0.45867768595,0.0,0.0,0.131111111111,0.0377777777778,0.0155555555556,0.02,0.00444444444444,0.00888888888889,0.0155555555556,0.00444444444444,0.00444444444444,0.0,0.00444444444444,0.00222222222222,0.00444444444444,0.0,0.00444444444444,0.00888888888889,0.00222222222222,0.00888888888889,0.00222222222222,0.0,0.00222222222222,0.0,0.00222222222222,0.0111111111111,0.0,0.0,0.00222222222222,0.0,0.0,0.0,1
Free Smoke,Drake,4.24700239808,0.508946322068,0.0,0.0,0.0575539568345,0.0167865707434,0.0191846522782,0.00479616306954,0.0143884892086,0.00479616306954,0.0119904076739,0.00719424460432,0.00959232613909,0.00479616306954,0.0119904076739,0.00479616306954,0.00239808153477,0.0,0.00239808153477,0.00479616306954,0.00239808153477,0.0119904076739,0.00239808153477,0.00479616306954,0.00479616306954,0.00959232613909,0.0,0.00239808153477,0.0167865707434,0.0,0.0,0.0,0.00239808153477,0.00239808153477,1
From Time,Drake,4.407239819,0.510934393638,0.0,0.0,0.0995475113122,0.0294117647059,0.0158371040724,0.0135746606335,0.0135746606335,0.0158371040724,0.00226244343891,0.00678733031674,0.00452488687783,0.00452488687783,0.00452488687783,0.00452488687783,0.0,0.00678733031674,0.027149321267,0.0,0.00904977375566,0.00678733031674,0.00226244343891,0.0,0.00904977375566,0.0,0.0,0.00452488687783,0.0,0.0,0.00678733031674,0.00226244343891,0.0,0.0,1
Furthest Thing,Drake,4.36387434555,0.373469387755,0.0,0.0,0.120418848168,0.0104712041885,0.0235602094241,0.0104712041885,0.0235602094241,0.0235602094241,0.00523560209424,0.00785340314136,0.0130890052356,0.00785340314136,0.00261780104712,0.0130890052356,0.00785340314136,0.00785340314136,0.0,0.00261780104712,0.0,0.00261780104712,0.00261780104712,0.0104712041885,0.0,0.0104712041885,0.00261780104712,0.00523560209424,0.00261780104712,0.0,0.0,0.0,0.00261780104712,0.00785340314136,1
Get It Together,Drake,4.31818181818,0.460869565217,0.0,0.0,0.0545454545455,0.0,0.0181818181818,0.0,0.0181818181818,0.0,0.0,0.0909090909091,0.00909090909091,0.0,0.0727272727273,0.0363636363636,0.0,0.0,0.00909090909091,0.0,0.00909090909091,0.0,0.0,0.0,0.0,0.0272727272727,0.0,0.0,0.0,0.0,0.0181818181818,0.127272727273,0.0,0.0,1
Gyalchester,Drake,3.77731092437,0.475655430712,0.0,0.0,0.117647058824,0.0294117647059,0.0168067226891,0.0378151260504,0.0168067226891,0.0210084033613,0.00420168067227,0.0,0.0210084033613,0.0126050420168,0.0252100840336,0.00420168067227,0.00840336134454,0.0,0.0,0.00840336134454,0.00420168067227,0.00420168067227,0.0126050420168,0.0,0.00840336134454,0.0,0.00840336134454,0.00420168067227,0.00420168067227,0.0126050420168,0.0,0.0,0.0,0.00840336134454,1
Headlines,Drake,4.21621621622,0.413636363636,0.0,0.0,0.0756756756757,0.0135135135135,0.027027027027,0.0108108108108,0.116216216216,0.0243243243243,0.0108108108108,0.0135135135135,0.0243243243243,0.0027027027027,0.00540540540541,0.00810810810811,0.00540540540541,0.0027027027027,0.0,0.00540540540541,0.00810810810811,0.0,0.0027027027027,0.00810810810811,0.00540540540541,0.0027027027027,0.0,0.0027027027027,0.00540540540541,0.0324324324324,0.0,0.0,0.00810810810811,0.00540540540541,1
Hold On We're Going Home,Drake,4.02403846154,0.192825112108,0.0,0.0,0.0913461538462,0.0336538461538,0.00961538461538,0.0,0.0432692307692,0.0,0.0,0.0432692307692,0.00961538461538,0.0,0.00961538461538,0.0,0.0,0.0384615384615,0.0192307692308,0.0,0.0,0.0,0.00961538461538,0.0,0.0,0.0144230769231,0.0,0.0,0.0,0.0,0.100961538462,0.0,0.0,0.0,1
Hotline Bling,Drake,4.2947761194,0.323024054983,0.0,0.0,0.0708955223881,0.0,0.0149253731343,0.0,0.0335820895522,0.00373134328358,0.0111940298507,0.0410447761194,0.0111940298507,0.0,0.00373134328358,0.0,0.0,0.0111940298507,0.0298507462687,0.00746268656716,0.0,0.0111940298507,0.0335820895522,0.0,0.0,0.0335820895522,0.0,0.0,0.0,0.0,0.0111940298507,0.0373134328358,0.0,0.0,1
HYFR,Drake,4.35945945946,0.469907407407,0.0,0.0,0.0810810810811,0.0216216216216,0.00810810810811,0.00810810810811,0.0,0.0162162162162,0.0351351351351,0.0108108108108,0.0027027027027,0.00810810810811,0.00540540540541,0.00810810810811,0.00540540540541,0.00810810810811,0.0135135135135,0.0,0.00540540540541,0.00810810810811,0.0027027027027,0.0189189189189,0.0,0.0,0.0297297297297,0.00810810810811,0.0324324324324,0.0027027027027,0.0,0.0,0.0027027027027,0.0,1
Hype,Drake,3.9347826087,0.450363196126,0.0,0.0,0.0978260869565,0.0163043478261,0.0353260869565,0.0326086956522,0.00815217391304,0.0108695652174,0.0,0.0108695652174,0.0163043478261,0.0,0.0108695652174,0.00271739130435,0.0054347826087,0.0,0.0054347826087,0.00271739130435,0.0,0.0,0.00815217391304,0.0,0.0,0.0,0.0135869565217,0.00815217391304,0.0,0.0380434782609,0.0,0.00271739130435,0.0,0.00815217391304,1
Keep the Family Close,Drake,4.09604519774,0.456824512535,0.0,0.0,0.0819209039548,0.0480225988701,0.0395480225989,0.0254237288136,0.00847457627119,0.0141242937853,0.0197740112994,0.0197740112994,0.0,0.00282485875706,0.00564971751412,0.0,0.00564971751412,0.0,0.00564971751412,0.0,0.00847457627119,0.0,0.00282485875706,0.00847457627119,0.0,0.00847457627119,0.00564971751412,0.00282485875706,0.00282485875706,0.0,0.0112994350282,0.00847457627119,0.0,0.0,1
KMT,Drake,4.76271186441,0.604255319149,0.0,0.0,0.0621468926554,0.00564971751412,0.00564971751412,0.0225988700565,0.0169491525424,0.0,0.0112994350282,0.0112994350282,0.0169491525424,0.0,0.0,0.0112994350282,0.0,0.00564971751412,0.00564971751412,0.0169491525424,0.0,0.0,0.00564971751412,0.0,0.0,0.0,0.00564971751412,0.0,0.0282485875706,0.0,0.0,0.0,0.0,0.0,1
Know Yourself,Drake,3.89970501475,0.450738916256,0.0,0.0,0.0737463126844,0.0176991150442,0.0176991150442,0.0176991150442,0.0619469026549,0.0117994100295,0.00589970501475,0.0353982300885,0.0,0.0117994100295,0.0117994100295,0.0176991150442,0.0501474926254,0.00294985250737,0.0,0.0147492625369,0.00294985250737,0.0,0.0,0.00294985250737,0.00589970501475,0.00294985250737,0.0,0.0,0.00294985250737,0.00884955752212,0.0,0.0,0.00294985250737,0.00589970501475,1
Make Me Proud,Drake,3.83116883117,0.419921875,0.0,0.0,0.136363636364,0.021645021645,0.0021645021645,0.0995670995671,0.012987012987,0.00865800865801,0.0108225108225,0.0021645021645,0.0151515151515,0.0021645021645,0.00649350649351,0.0021645021645,0.00865800865801,0.0151515151515,0.004329004329,0.0021645021645,0.00865800865801,0.0021645021645,0.0021645021645,0.0108225108225,0.00649350649351,0.00649350649351,0.00649350649351,0.00649350649351,0.0,0.0021645021645,0.004329004329,0.0,0.0,0.004329004329,1
Marvin's Room,Drake,3.96164383562,0.428904428904,0.0,0.0,0.13698630137,0.013698630137,0.013698630137,0.0383561643836,0.0164383561644,0.0,0.0164383561644,0.0109589041096,0.0027397260274,0.013698630137,0.0,0.0027397260274,0.00821917808219,0.00547945205479,0.00547945205479,0.00821917808219,0.013698630137,0.0027397260274,0.00821917808219,0.00821917808219,0.0027397260274,0.0,0.0027397260274,0.00547945205479,0.00547945205479,0.0,0.0027397260274,0.00547945205479,0.0,0.00821917808219,1
Miss Me,Drake,4.02711864407,0.466257668712,0.0,0.0,0.125423728814,0.0237288135593,0.0186440677966,0.0389830508475,0.0118644067797,0.0135593220339,0.0169491525424,0.00338983050847,0.0101694915254,0.00169491525424,0.00338983050847,0.00169491525424,0.0,0.00677966101695,0.00847457627119,0.0118644067797,0.00338983050847,0.00338983050847,0.00508474576271,0.00169491525424,0.00338983050847,0.00508474576271,0.00169491525424,0.00508474576271,0.0,0.0,0.0,0.00169491525424,0.00847457627119,0.00169491525424,1
No Long Talk,Drake,4.36893203883,0.480417754569,0.0,0.0,0.0388349514563,0.0323624595469,0.00647249190939,0.0194174757282,0.0161812297735,0.0323624595469,0.00323624595469,0.00970873786408,0.0129449838188,0.00970873786408,0.0355987055016,0.00323624595469,0.0,0.0,0.00323624595469,0.0129449838188,0.00323624595469,0.0,0.0,0.0,0.0,0.0194174757282,0.0,0.00323624595469,0.00647249190939,0.0,0.0129449838188,0.00647249190939,0.0,0.00323624595469,1
One Dance,Drake,3.85490196078,0.301694915254,0.0,0.0,0.0980392156863,0.0117647058824,0.0078431372549,0.0078431372549,0.0117647058824,0.0078431372549,0.00392156862745,0.0078431372549,0.0078431372549,0.0,0.0,0.0,0.0313725490196,0.0156862745098,0.0078431372549,0.0,0.0509803921569,0.0078431372549,0.0274509803922,0.0,0.0470588235294,0.0,0.0,0.00392156862745,0.0117647058824,0.0,0.0156862745098,0.0274509803922,0.0,0.0078431372549,1
Over,Drake,4.05853658537,0.494553376906,0.0,0.0,0.1,0.019512195122,0.0317073170732,0.019512195122,0.0341463414634,0.00731707317073,0.0243902439024,0.00975609756098,0.00975609756098,0.0170731707317,0.0,0.00487804878049,0.00243902439024,0.00487804878049,0.0121951219512,0.00731707317073,0.00975609756098,0.0,0.0,0.00487804878049,0.00975609756098,0.0,0.00243902439024,0.00487804878049,0.0,0.00243902439024,0.0,0.0,0.00731707317073,0.00487804878049,1
Passionfruit,Drake,4.7027027027,0.438502673797,0.0,0.0,0.0608108108108,0.0,0.0405405405405,0.00675675675676,0.0,0.00675675675676,0.0,0.0135135135135,0.0202702702703,0.0,0.0135135135135,0.0135135135135,0.0,0.0,0.0,0.0,0.0,0.0,0.0,0.0337837837838,0.0,0.0337837837838,0.00675675675676,0.0,0.00675675675676,0.00675675675676,0.0202702702703,0.0,0.0,0.0,1
Pop Style,Drake,4.1640625,0.510135135135,0.0,0.0,0.08203125,0.015625,0.01953125,0.0,0.0234375,0.0234375,0.0078125,0.0078125,0.01953125,0.0078125,0.015625,0.0078125,0.0,0.00390625,0.00390625,0.0078125,0.0,0.00390625,0.00390625,0.0,0.00390625,0.0,0.0,0.00390625,0.00390625,0.01171875,0.0,0.00390625,0.00390625,0.015625,1
Portland,Drake,4.20222222222,0.446529080675,0.0,0.0,0.0488888888889,0.0133333333333,0.00666666666667,0.0133333333333,0.0,0.00444444444444,0.00222222222222,0.00888888888889,0.0244444444444,0.02,0.00444444444444,0.0,0.0133333333333,0.00222222222222,0.0,0.00888888888889,0.0,0.00666666666667,0.0,0.0,0.00666666666667,0.0,0.00444444444444,0.00888888888889,0.0,0.0,0.0,0.0,0.0,0.00222222222222,1
Pound Cake/Paris Morton Music 2,Drake,4.50229709035,0.537112010796,0.0,0.0,0.0765696784074,0.0245022970904,0.0183767228178,0.0199081163859,0.0122511485452,0.00612557427259,0.00765696784074,0.00459418070444,0.00918836140888,0.00918836140888,0.00765696784074,0.00765696784074,0.00306278713629,0.0,0.0,0.00459418070444,0.00459418070444,0.00306278713629,0.0,0.00306278713629,0.00765696784074,0.0,0.00153139356815,0.00459418070444,0.00153139356815,0.00306278713629,0.0,0.00153139356815,0.00306278713629,0.00306278713629,1
Redemption,Drake,4.31221719457,0.425490196078,0.0,0.0,0.0859728506787,0.0316742081448,0.0135746606335,0.027149321267,0.0113122171946,0.00678733031674,0.00678733031674,0.00452488687783,0.0,0.00226244343891,0.0135746606335,0.00452488687783,0.0,0.00452488687783,0.00226244343891,0.00452488687783,0.00904977375566,0.00226244343891,0.00904977375566,0.0203619909502,0.00452488687783,0.00226244343891,0.00678733031674,0.00452488687783,0.0678733031674,0.00452488687783,0.0135746606335,0.00678733031674,0.00452488687783,0.00452488687783,1
Right Hand,Drake,3.7468879668,0.401606425703,0.0,0.0,0.0622406639004,0.045643153527,0.0331950207469,0.0,0.045643153527,0.0331950207469,0.045643153527,0.0414937759336,0.0248962655602,0.0,0.00414937759336,0.0,0.0373443983402,0.0,0.0165975103734,0.0,0.0,0.0248962655602,0.00414937759336,0.0,0.00829875518672,0.0207468879668,0.0165975103734,0.00829875518672,0.0,0.0,0.0331950207469,0.0,0.0,0.00414937759336,1
Sacrifices,Drake,4.02014388489,0.398335315101,0.0,0.0,0.11654676259,0.0129496402878,0.0172661870504,0.0446043165468,0.00431654676259,0.0388489208633,0.00431654676259,0.00431654676259,0.0158273381295,0.00143884892086,0.00143884892086,0.010071942446,0.00863309352518,0.00287769784173,0.00143884892086,0.010071942446,0.0,0.00143884892086,0.00719424460432,0.00287769784173,0.00287769784173,0.00143884892086,0.0,0.00575539568345,0.00287769784173,0.00143884892086,0.0,0.00287769784173,0.00431654676259,0.00143884892086,1
Shot For Me,Drake,3.97590361446,0.535714285714,0.0,0.0,0.104417670683,0.0361445783133,0.0240963855422,0.0160642570281,0.0160642570281,0.00803212851406,0.0240963855422,0.00401606425703,0.00803212851406,0.0,0.00401606425703,0.00401606425703,0.0,0.00401606425703,0.00401606425703,0.00803212851406,0.0,0.00803212851406,0.00401606425703,0.00401606425703,0.00401606425703,0.0160642570281,0.00401606425703,0.00401606425703,0.00401606425703,0.0,0.0240963855422,0.0,0.00401606425703,0.0,1
Sneakin,Drake,4.44655581948,0.454356846473,0.0,0.0,0.061757719715,0.0142517814727,0.0403800475059,0.0166270783848,0.00950118764846,0.0118764845606,0.00950118764846,0.0142517814727,0.00237529691211,0.021377672209,0.00475059382423,0.00475059382423,0.0,0.00237529691211,0.00712589073634,0.0,0.0,0.00237529691211,0.0118764845606,0.00237529691211,0.0,0.00237529691211,0.00237529691211,0.00237529691211,0.00475059382423,0.00950118764846,0.0,0.00712589073634,0.0118764845606,0.00237529691211,1
Started from the Bottom,Drake,4.73151750973,0.313253012048,0.0,0.0,0.0428015564202,0.0155642023346,0.0233463035019,0.00778210116732,0.0,0.011673151751,0.00389105058366,0.0,0.0,0.0466926070039,0.00389105058366,0.0,0.00389105058366,0.0,0.0,0.0,0.0,0.00778210116732,0.0,0.0,0.0,0.0,0.00389105058366,0.0,0.00389105058366,0.0,0.0544747081712,0.0,0.00389105058366,0.0,1
Still Here,Drake,3.74117647059,0.371517027864,0.0,0.0,0.109803921569,0.0078431372549,0.0392156862745,0.0352941176471,0.00392156862745,0.0196078431373,0.00392156862745,0.0156862745098,0.0156862745098,0.0196078431373,0.0,0.00392156862745,0.0,0.00392156862745,0.0,0.0078431372549,0.0117647058824,0.0,0.00392156862745,0.0,0.0078431372549,0.0,0.0,0.0,0.00392156862745,0.0,0.00392156862745,0.0117647058824,0.0078431372549,0.0,1
Successful,Drake,3.90189328744,0.441616766467,0.0,0.0,0.132530120482,0.0223752151463,0.0172117039587,0.0120481927711,0.013769363167,0.0154905335628,0.025817555938,0.00516351118761,0.00860585197935,0.00344234079174,0.0103270223752,0.00516351118761,0.00516351118761,0.00172117039587,0.00172117039587,0.00688468158348,0.0,0.00516351118761,0.00172117039587,0.00344234079174,0.00172117039587,0.00344234079174,0.00344234079174,0.00516351118761,0.00344234079174,0.00172117039587,0.00172117039587,0.00344234079174,0.00688468158348,0.0430292598967,1
Summer Sixteen,Drake,4.5612745098,0.51708428246,0.0,0.0,0.046568627451,0.00735294117647,0.00245098039216,0.0,0.00735294117647,0.0147058823529,0.00735294117647,0.0147058823529,0.00490196078431,0.00735294117647,0.00735294117647,0.00245098039216,0.0,0.0,0.00245098039216,0.00490196078431,0.00980392156863,0.00980392156863,0.0147058823529,0.00980392156863,0.00245098039216,0.0171568627451,0.00245098039216,0.00245098039216,0.00245098039216,0.00490196078431,0.0,0.0,0.0,0.00245098039216,1
Take Care,Drake,3.60526315789,0.407854984894,0.0,0.0,0.118421052632,0.0164473684211,0.0789473684211,0.0,0.0197368421053,0.00328947368421,0.00657894736842,0.0263157894737,0.0,0.0,0.00986842105263,0.0,0.00328947368421,0.00986842105263,0.00986842105263,0.0,0.00986842105263,0.0,0.0131578947368,0.0131578947368,0.0,0.00328947368421,0.0,0.00328947368421,0.0,0.00328947368421,0.0164473684211,0.0,0.00657894736842,0.0,1
Teenage Fever,Drake,4.14507772021,0.45871559633,0.0,0.0,0.0673575129534,0.0259067357513,0.0103626943005,0.0259067357513,0.0155440414508,0.00518134715026,0.0569948186528,0.0103626943005,0.0,0.0,0.0,0.00518134715026,0.0,0.00518134715026,0.0414507772021,0.0103626943005,0.00518134715026,0.0,0.0,0.0103626943005,0.0103626943005,0.0,0.0,0.0103626943005,0.00518134715026,0.0,0.00518134715026,0.0,0.00518134715026,0.0,1
The Language,Drake,4.09785202864,0.385395537525,0.0,0.0,0.090692124105,0.0429594272076,0.0238663484487,0.00715990453461,0.0286396181384,0.00238663484487,0.0119331742243,0.0,0.0143198090692,0.0238663484487,0.0167064439141,0.0119331742243,0.00477326968974,0.00715990453461,0.0,0.0,0.0119331742243,0.00477326968974,0.00715990453461,0.0,0.00954653937947,0.0,0.00477326968974,0.00477326968974,0.0,0.0,0.0214797136038,0.0,0.0,0.0,1
Too Good,Drake,3.74022346369,0.354497354497,0.0,0.0,0.131284916201,0.0,0.0418994413408,0.0335195530726,0.0167597765363,0.00837988826816,0.0167597765363,0.0195530726257,0.0111731843575,0.0,0.0111731843575,0.0,0.00279329608939,0.0,0.0167597765363,0.00837988826816,0.00837988826816,0.0,0.0,0.0,0.0,0.00837988826816,0.0,0.0,0.0167597765363,0.0,0.00837988826816,0.00558659217877,0.0,0.0111731843575,1
Too Much,Drake,4.0,0.434156378601,0.0,0.0,0.069825436409,0.0324189526185,0.0349127182045,0.0299251870324,0.00498753117207,0.0324189526185,0.00997506234414,0.0,0.0074812967581,0.0,0.0124688279302,0.00997506234414,0.0074812967581,0.00498753117207,0.0,0.0,0.0074812967581,0.0,0.0074812967581,0.00249376558603,0.00249376558603,0.00498753117207,0.0,0.0,0.0,0.0,0.00498753117207,0.0174563591022,0.00249376558603,0.00498753117207,1
Tuscan Leather,Drake,4.48818897638,0.549833887043,0.0,0.0,0.0688976377953,0.0275590551181,0.0216535433071,0.0196850393701,0.00393700787402,0.0255905511811,0.00393700787402,0.00393700787402,0.00984251968504,0.0295275590551,0.00984251968504,0.0157480314961,0.00393700787402,0.0,0.00393700787402,0.00196850393701,0.00984251968504,0.0,0.00590551181102,0.00196850393701,0.00196850393701,0.00393700787402,0.0,0.00196850393701,0.0,0.0,0.00196850393701,0.00393700787402,0.0,0.00196850393701,1
Two Birds, One Stone,Drake,4.19183673469,0.596363636364,0.0,0.0,0.069387755102,0.0244897959184,0.0204081632653,0.0224489795918,0.00612244897959,0.0224489795918,0.00408163265306,0.0122448979592,0.0142857142857,0.0102040816327,0.00816326530612,0.0102040816327,0.00408163265306,0.0,0.00408163265306,0.00204081632653,0.00408163265306,0.0142857142857,0.00204081632653,0.00408163265306,0.00204081632653,0.0,0.00408163265306,0.00816326530612,0.00204081632653,0.00204081632653,0.0,0.00408163265306,0.00204081632653,0.0,1
U with Me?,Drake,4.18863049096,0.459518599562,0.0,0.0,0.0568475452196,0.046511627907,0.0103359173127,0.00516795865633,0.0206718346253,0.0206718346253,0.0129198966408,0.0232558139535,0.0077519379845,0.0103359173127,0.00258397932817,0.0103359173127,0.00258397932817,0.00258397932817,0.0,0.015503875969,0.0103359173127,0.00516795865633,0.00258397932817,0.00258397932817,0.00258397932817,0.015503875969,0.0,0.00516795865633,0.00258397932817,0.0,0.00516795865633,0.00258397932817,0.0,0.00516795865633,1
Used To,Drake,4.23847376789,0.437845303867,0.0,0.0,0.0699523052464,0.0254372019078,0.0349761526232,0.0190779014308,0.00317965023847,0.0238473767886,0.00317965023847,0.0111287758347,0.0174880763116,0.00953895071542,0.0111287758347,0.00476947535771,0.00158982511924,0.00158982511924,0.00794912559618,0.00476947535771,0.00476947535771,0.00794912559618,0.00317965023847,0.00317965023847,0.00158982511924,0.0,0.00158982511924,0.0,0.0,0.0127186009539,0.00317965023847,0.0,0.0158982511924,0.00476947535771,1
Views,Drake,4.28155339806,0.54132231405,0.0,0.0,0.101941747573,0.0242718446602,0.0194174757282,0.0145631067961,0.00728155339806,0.0266990291262,0.0145631067961,0.00728155339806,0.0169902912621,0.00970873786408,0.00970873786408,0.00242718446602,0.00485436893204,0.0,0.00485436893204,0.00242718446602,0.0,0.00970873786408,0.00242718446602,0.00242718446602,0.0,0.00242718446602,0.00485436893204,0.00242718446602,0.0,0.00970873786408,0.0,0.0,0.0,0.00242718446602,1
We'll Be Fine,Drake,4.01023017903,0.414285714286,0.0,0.0,0.079283887468,0.0332480818414,0.0204603580563,0.0230179028133,0.00255754475703,0.0127877237852,0.00511508951407,0.0076726342711,0.0153452685422,0.0204603580563,0.0153452685422,0.0102301790281,0.0076726342711,0.0076726342711,0.00255754475703,0.0358056265985,0.00255754475703,0.00511508951407,0.0153452685422,0.0102301790281,0.0,0.00255754475703,0.00511508951407,0.0102301790281,0.0,0.0,0.00511508951407,0.0,0.0127877237852,0.0,1
Weston Road Flows,Drake,4.52040816327,0.594254937163,0.0,0.0,0.0673469387755,0.0183673469388,0.0224489795918,0.0142857142857,0.00816326530612,0.0326530612245,0.00816326530612,0.0163265306122,0.00612244897959,0.00612244897959,0.0142857142857,0.00816326530612,0.00408163265306,0.0,0.00612244897959,0.00612244897959,0.00204081632653,0.00204081632653,0.00408163265306,0.00204081632653,0.00612244897959,0.00204081632653,0.00408163265306,0.00612244897959,0.00204081632653,0.0,0.0,0.0,0.00204081632653,0.0,1
With You,Drake,3.64848484848,0.355450236967,0.0,0.0,0.0909090909091,0.0787878787879,0.0121212121212,0.0424242424242,0.00606060606061,0.00606060606061,0.0,0.0181818181818,0.0,0.0,0.00606060606061,0.0,0.0,0.0727272727273,0.00606060606061,0.0181818181818,0.0121212121212,0.0,0.0121212121212,0.0,0.0,0.00606060606061,0.0606060606061,0.0,0.0,0.0,0.0121212121212,0.0121212121212,0.0,0.0,1
Worst Behavior,Drake,4.61764705882,0.413441955193,0.0,0.0,0.0490196078431,0.0171568627451,0.0147058823529,0.0196078431373,0.0171568627451,0.0147058823529,0.0,0.0122549019608,0.00490196078431,0.00245098039216,0.00490196078431,0.0122549019608,0.00490196078431,0.0,0.0,0.00245098039216,0.00490196078431,0.0539215686275,0.00245098039216,0.0,0.00735294117647,0.0,0.0,0.00245098039216,0.0,0.00490196078431,0.0,0.0,0.00735294117647,0.0,1
Wu-Tang Forever,Drake,4.09090909091,0.3575,0.0,0.0,0.0606060606061,0.133333333333,0.0181818181818,0.00606060606061,0.0121212121212,0.0151515151515,0.0181818181818,0.00909090909091,0.00909090909091,0.0181818181818,0.0,0.030303030303,0.0030303030303,0.0121212121212,0.00606060606061,0.0,0.0,0.0,0.0,0.00606060606061,0.00909090909091,0.00909090909091,0.00909090909091,0.0030303030303,0.030303030303,0.0030303030303,0.0,0.0,0.00606060606061,0.0,1
305 to My City,Drake,3.60968660969,0.309090909091,0.0,0.0,0.179487179487,0.017094017094,0.025641025641,0.014245014245,0.00569800569801,0.0,0.0,0.00569800569801,0.00569800569801,0.002849002849,0.17094017094,0.00569800569801,0.011396011396,0.00569800569801,0.0,0.0,0.0,0.0,0.0,0.0,0.00854700854701,0.0,0.011396011396,0.0,0.0,0.00569800569801,0.00569800569801,0.0,0.002849002849,0.0,0
5AM In Toronto,Drake,4.34625322997,0.54211663067,0.0,0.0,0.0749354005168,0.0284237726098,0.0129198966408,0.0180878552972,0.00258397932817,0.0206718346253,0.00516795865633,0.0077519379845,0.0206718346253,0.0439276485788,0.00258397932817,0.0284237726098,0.00258397932817,0.0,0.0077519379845,0.0077519379845,0.0077519379845,0.0103359173127,0.00258397932817,0.0,0.0,0.0,0.0,0.00516795865633,0.00258397932817,0.0,0.0,0.00516795865633,0.0077519379845,0.0,0
6PM in New York,Drake,4.45737704918,0.562952243126,0.0,0.0,0.0770491803279,0.0327868852459,0.00327868852459,0.0180327868852,0.00327868852459,0.0180327868852,0.016393442623,0.00655737704918,0.0245901639344,0.00819672131148,0.00819672131148,0.00327868852459,0.00491803278689,0.00491803278689,0.0147540983607,0.00327868852459,0.0016393442623,0.0016393442623,0.0016393442623,0.00327868852459,0.00655737704918,0.0016393442623,0.0,0.00655737704918,0.00491803278689,0.0016393442623,0.0,0.00491803278689,0.0,0.0016393442623,0
Buried Alive Interlude,Drake,4.49285714286,0.691525423729,0.0,0.0,0.0714285714286,0.0,0.0107142857143,0.0142857142857,0.00714285714286,0.0142857142857,0.0142857142857,0.00357142857143,0.00357142857143,0.00357142857143,0.00357142857143,0.00357142857143,0.00714285714286,0.0,0.00714285714286,0.0,0.0,0.00357142857143,0.00357142857143,0.00357142857143,0.00357142857143,0.0,0.00714285714286,0.00357142857143,0.0,0.0,0.0107142857143,0.00714285714286,0.0,0.00357142857143,0
Can I,Drake,3.24444444444,0.209523809524,0.0,0.0,0.253333333333,0.00444444444444,0.00888888888889,0.00444444444444,0.00444444444444,0.00444444444444,0.0,0.00444444444444,0.0,0.00444444444444,0.00888888888889,0.0,0.0,0.0,0.0,0.0,0.0133333333333,0.00444444444444,0.00888888888889,0.0,0.0,0.0,0.0133333333333,0.0,0.0,0.0,0.0,0.0,0.0,0.00444444444444,0
Cece's Interlude,Drake,3.67469879518,0.463157894737,0.0,0.0,0.180722891566,0.0361445783133,0.0843373493976,0.0240963855422,0.0120481927711,0.0,0.0,0.0,0.0,0.0,0.0,0.0,0.0,0.0,0.0,0.0,0.0,0.0,0.0,0.0,0.0,0.0,0.0,0.0,0.0,0.0,0.0,0.0,0.0,0.0,0
Club Paradise,Drake,4.09090909091,0.444642857143,0.0,0.0,0.115151515152,0.0242424242424,0.0141414141414,0.0161616161616,0.0121212121212,0.00808080808081,0.0181818181818,0.0121212121212,0.0141414141414,0.00808080808081,0.0040404040404,0.0121212121212,0.0020202020202,0.0040404040404,0.00606060606061,0.00808080808081,0.0,0.0121212121212,0.0020202020202,0.00606060606061,0.0020202020202,0.0040404040404,0.00808080808081,0.00808080808081,0.0,0.0121212121212,0.0020202020202,0.0020202020202,0.0020202020202,0.0,0
Connect,Drake,4.27605633803,0.493670886076,0.0,0.0,0.0901408450704,0.0169014084507,0.0338028169014,0.0225352112676,0.00845070422535,0.0140845070423,0.0169014084507,0.0056338028169,0.0056338028169,0.00281690140845,0.0,0.00845070422535,0.00281690140845,0.0112676056338,0.00281690140845,0.0056338028169,0.00845070422535,0.00281690140845,0.0,0.0056338028169,0.00281690140845,0.00281690140845,0.00281690140845,0.0056338028169,0.0,0.0,0.0169014084507,0.00281690140845,0.00281690140845,0.0056338028169,0
Days in the East,Drake,4.18181818182,0.412109375,0.0,0.0,0.0568181818182,0.0159090909091,0.00454545454545,0.0113636363636,0.0272727272727,0.00454545454545,0.00227272727273,0.025,0.0181818181818,0.0136363636364,0.0181818181818,0.00681818181818,0.00454545454545,0.00227272727273,0.00227272727273,0.00454545454545,0.00681818181818,0.00227272727273,0.00909090909091,0.00227272727273,0.0113636363636,0.00681818181818,0.0272727272727,0.0,0.00227272727273,0.0,0.00454545454545,0.00909090909091,0.00227272727273,0.00454545454545,0
Doing It Wrong,Drake,3.74553571429,0.242307692308,0.0,0.0,0.0803571428571,0.0580357142857,0.03125,0.0,0.107142857143,0.00446428571429,0.0178571428571,0.0267857142857,0.0,0.0,0.0,0.0,0.00446428571429,0.00446428571429,0.0223214285714,0.0,0.0,0.0,0.00446428571429,0.0178571428571,0.0,0.0357142857143,0.0,0.0133928571429,0.0,0.0,0.00892857142857,0.0535714285714,0.0,0.0,0
Draft Day,Drake,3.90809628009,0.476370510397,0.0,0.0,0.0919037199125,0.0175054704595,0.0153172866521,0.0175054704595,0.0415754923414,0.00437636761488,0.0131291028446,0.0240700218818,0.00875273522976,0.00656455142232,0.00656455142232,0.0109409190372,0.00875273522976,0.00218818380744,0.00218818380744,0.00656455142232,0.0,0.00437636761488,0.0,0.00875273522976,0.00218818380744,0.00218818380744,0.0,0.00218818380744,0.0,0.00218818380744,0.0,0.0,0.00218818380744,0.00218818380744,0
Dreams Money Can Buy,Drake,4.37317784257,0.507653061224,0.0,0.0,0.069970845481,0.00583090379009,0.0495626822157,0.0,0.00291545189504,0.00874635568513,0.0233236151603,0.0,0.0145772594752,0.0233236151603,0.00583090379009,0.00874635568513,0.00291545189504,0.00874635568513,0.00874635568513,0.00874635568513,0.0,0.00874635568513,0.0,0.0,0.00291545189504,0.0,0.0,0.0,0.00291545189504,0.00291545189504,0.0,0.0,0.0116618075802,0.0,0
Fear,Drake,4.38709677419,0.596009975062,0.0,0.0,0.10752688172,0.00806451612903,0.0322580645161,0.0134408602151,0.0161290322581,0.00268817204301,0.0376344086022,0.00268817204301,0.00268817204301,0.00537634408602,0.00268817204301,0.010752688172,0.00268817204301,0.00268817204301,0.0,0.00537634408602,0.00806451612903,0.00806451612903,0.00806451612903,0.0,0.0,0.010752688172,0.0,0.010752688172,0.0,0.00268817204301,0.00268817204301,0.0,0.010752688172,0.0,0
Find Your Love,Drake,3.81165919283,0.247899159664,0.0,0.0,0.19730941704,0.0313901345291,0.00448430493274,0.0134529147982,0.0,0.0,0.00896860986547,0.00896860986547,0.0,0.0,0.00448430493274,0.0,0.0,0.0,0.0224215246637,0.0,0.00448430493274,0.0,0.00448430493274,0.0,0.0,0.0,0.00448430493274,0.00448430493274,0.0,0.0,0.0,0.0,0.0,0.0224215246637,0
Forever,Drake,4.09090909091,0.3575,0.0,0.0,0.0606060606061,0.133333333333,0.0181818181818,0.00606060606061,0.0121212121212,0.0151515151515,0.0181818181818,0.00909090909091,0.00909090909091,0.0181818181818,0.0,0.030303030303,0.0030303030303,0.0121212121212,0.00606060606061,0.0,0.0,0.0,0.0,0.00606060606061,0.00909090909091,0.00909090909091,0.00909090909091,0.0030303030303,0.030303030303,0.0030303030303,0.0,0.0,0.00606060606061,0.0,0
Free Spirit,Drake,4.06753246753,0.536130536131,0.0,0.0,0.0987012987013,0.0363636363636,0.012987012987,0.0233766233766,0.0285714285714,0.00519480519481,0.0025974025974,0.0103896103896,0.00519480519481,0.00779220779221,0.00519480519481,0.0181818181818,0.0103896103896,0.0025974025974,0.00779220779221,0.00779220779221,0.0025974025974,0.0,0.00519480519481,0.00779220779221,0.0025974025974,0.0025974025974,0.0,0.0025974025974,0.0,0.0025974025974,0.0,0.0025974025974,0.0025974025974,0.0,0
Girls Love Beyonc√©,Drake,4.3153526971,0.562015503876,0.0,0.0,0.0331950207469,0.0,0.0,0.0,0.0165975103734,0.00829875518672,0.0248962655602,0.0207468879668,0.00414937759336,0.00414937759336,0.00414937759336,0.0165975103734,0.0165975103734,0.00414937759336,0.0165975103734,0.00414937759336,0.0165975103734,0.0,0.00829875518672,0.0290456431535,0.0,0.0,0.0,0.00414937759336,0.0,0.0,0.0,0.00829875518672,0.0,0.00829875518672,0
Grammys,Drake,3.98720682303,0.355475763016,0.0,0.0,0.115138592751,0.00213219616205,0.0490405117271,0.0405117270789,0.00639658848614,0.0149253731343,0.00213219616205,0.00639658848614,0.00213219616205,0.00852878464819,0.00213219616205,0.00426439232409,0.00213219616205,0.0,0.0,0.00426439232409,0.00426439232409,0.00213219616205,0.00213219616205,0.00213219616205,0.00426439232409,0.00213219616205,0.00213219616205,0.0,0.00852878464819,0.044776119403,0.0,0.0,0.00639658848614,0.00213219616205,0
Heat of the Moment,Drake,3.93597560976,0.376884422111,0.0,0.0,0.0579268292683,0.0274390243902,0.0426829268293,0.015243902439,0.00609756097561,0.0030487804878,0.00914634146341,0.0,0.00609756097561,0.0030487804878,0.0,0.0121951219512,0.0,0.00914634146341,0.0030487804878,0.0,0.0,0.0,0.00609756097561,0.00609756097561,0.0,0.00609756097561,0.00609756097561,0.0,0.0,0.015243902439,0.0030487804878,0.0213414634146,0.00609756097561,0.0213414634146,0
Houstatlantavegas,Drake,4.77403846154,0.569620253165,0.0,0.0,0.0480769230769,0.0192307692308,0.0192307692308,0.00480769230769,0.00961538461538,0.0,0.0384615384615,0.0192307692308,0.00961538461538,0.0,0.0240384615385,0.0,0.0192307692308,0.00961538461538,0.0,0.0,0.0,0.00961538461538,0.0384615384615,0.0,0.0,0.0,0.00961538461538,0.00480769230769,0.0,0.0,0.0,0.0,0.0,0.00480769230769,0
How About Now,Drake,4.08227848101,0.391076115486,0.0,0.0,0.0822784810127,0.0253164556962,0.0348101265823,0.0189873417722,0.0,0.0379746835443,0.0,0.0158227848101,0.00316455696203,0.00949367088608,0.00316455696203,0.0158227848101,0.0,0.0316455696203,0.0,0.0221518987342,0.0,0.0,0.0,0.00316455696203,0.0158227848101,0.0,0.0253164556962,0.0126582278481,0.00632911392405,0.0,0.0,0.0126582278481,0.0158227848101,0.0,0
I Get Lonely Too,Drake,3.73658536585,0.297297297297,0.0,0.0,0.136585365854,0.0,0.0292682926829,0.00487804878049,0.019512195122,0.0634146341463,0.0,0.0,0.0146341463415,0.0,0.10243902439,0.0,0.0,0.0,0.00487804878049,0.0,0.0146341463415,0.0,0.0,0.00487804878049,0.00487804878049,0.0,0.0,0.00975609756098,0.0,0.0,0.0,0.0,0.00487804878049,0.0146341463415,0
Karaoke,Drake,4.27071823204,0.672043010753,0.0,0.0,0.104972375691,0.0165745856354,0.0220994475138,0.0220994475138,0.0220994475138,0.0,0.0110497237569,0.00552486187845,0.0110497237569,0.0,0.0165745856354,0.0,0.0165745856354,0.00552486187845,0.00552486187845,0.0,0.0,0.0,0.0,0.00552486187845,0.00552486187845,0.0,0.0,0.0220994475138,0.0,0.0,0.0110497237569,0.0,0.0,0.0,0
Light Up,Drake,4.36574074074,0.542914171657,0.0,0.0,0.0787037037037,0.0231481481481,0.0208333333333,0.0208333333333,0.00231481481481,0.00694444444444,0.0185185185185,0.00231481481481,0.00925925925926,0.0138888888889,0.00925925925926,0.00231481481481,0.0162037037037,0.0,0.0,0.00231481481481,0.0,0.0,0.00231481481481,0.00231481481481,0.0,0.0,0.0,0.0115740740741,0.0,0.00462962962963,0.00231481481481,0.00231481481481,0.00462962962963,0.00231481481481,0
Look What You've Done,Drake,4.05930470348,0.504604051565,0.0,0.0,0.104294478528,0.0224948875256,0.0204498977505,0.0122699386503,0.0081799591002,0.0102249488753,0.0347648261759,0.0143149284254,0.0102249488753,0.0,0.0122699386503,0.00613496932515,0.00204498977505,0.00204498977505,0.0163599182004,0.00204498977505,0.00613496932515,0.00204498977505,0.0040899795501,0.00204498977505,0.0081799591002,0.00613496932515,0.0,0.0081799591002,0.00204498977505,0.0040899795501,0.0040899795501,0.0040899795501,0.0,0.0040899795501,0
Lord Knows,Drake,4.52652259332,0.587921847247,0.0,0.0,0.0923379174853,0.0216110019646,0.0117878192534,0.0294695481336,0.0314341846758,0.0157170923379,0.0176817288802,0.00196463654224,0.00589390962672,0.0196463654224,0.00196463654224,0.00785854616896,0.00196463654224,0.00196463654224,0.00392927308448,0.0,0.00589390962672,0.00196463654224,0.00196463654224,0.00196463654224,0.00196463654224,0.00589390962672,0.00785854616896,0.00785854616896,0.00196463654224,0.00392927308448,0.00196463654224,0.0,0.0,0.00196463654224,0
Madonna,Drake,3.80412371134,0.434959349593,0.0,0.0,0.0927835051546,0.00515463917526,0.0412371134021,0.00515463917526,0.0515463917526,0.0,0.0,0.00515463917526,0.0,0.0,0.0309278350515,0.00515463917526,0.020618556701,0.0309278350515,0.0,0.0,0.0,0.0103092783505,0.00515463917526,0.00515463917526,0.0103092783505,0.0,0.0,0.00515463917526,0.0,0.0,0.0,0.0,0.0,0.0103092783505,0
November 18th,Drake,3.96326530612,0.565693430657,0.0,0.0,0.118367346939,0.0285714285714,0.0163265306122,0.0408163265306,0.0244897959184,0.0204081632653,0.00816326530612,0.00408163265306,0.0,0.00816326530612,0.0244897959184,0.0,0.0,0.00816326530612,0.0,0.0,0.0122448979592,0.00816326530612,0.00816326530612,0.00816326530612,0.00408163265306,0.0,0.0,0.00408163265306,0.00816326530612,0.0,0.00408163265306,0.00408163265306,0.00816326530612,0.00408163265306,0
Over My Dead Body,Drake,4.05853658537,0.494553376906,0.0,0.0,0.1,0.019512195122,0.0317073170732,0.019512195122,0.0341463414634,0.00731707317073,0.0243902439024,0.00975609756098,0.00975609756098,0.0170731707317,0.0,0.00487804878049,0.00243902439024,0.00487804878049,0.0121951219512,0.00731707317073,0.00975609756098,0.0,0.0,0.00487804878049,0.00975609756098,0.0,0.00243902439024,0.00487804878049,0.0,0.00243902439024,0.0,0.0,0.00731707317073,0.00487804878049,0
Practice,Drake,4.21875,0.326704545455,0.0,0.0,0.040625,0.03125,0.021875,0.003125,0.009375,0.0,0.003125,0.03125,0.00625,0.0125,0.003125,0.00625,0.0,0.015625,0.003125,0.00625,0.0,0.003125,0.0,0.0,0.0375,0.003125,0.03125,0.00625,0.0625,0.0,0.00625,0.0,0.0,0.0,0
Show Me a Good Time,Drake,4.13356164384,0.477064220183,0.0,0.0,0.0821917808219,0.027397260274,0.0205479452055,0.013698630137,0.00342465753425,0.013698630137,0.00342465753425,0.0,0.0,0.00684931506849,0.0171232876712,0.00342465753425,0.0,0.013698630137,0.0,0.0,0.0308219178082,0.0,0.0102739726027,0.0,0.0,0.013698630137,0.041095890411,0.0,0.0,0.00342465753425,0.0,0.0,0.00342465753425,0.00342465753425,0
Shut It Down,Drake,4.15353535354,0.348993288591,0.0,0.0,0.0343434343434,0.0121212121212,0.0181818181818,0.0020202020202,0.010101010101,0.010101010101,0.0262626262626,0.0525252525253,0.0121212121212,0.0020202020202,0.00606060606061,0.0,0.0444444444444,0.0424242424242,0.0,0.0020202020202,0.00808080808081,0.0,0.0040404040404,0.010101010101,0.0,0.0040404040404,0.0020202020202,0.00808080808081,0.0,0.010101010101,0.0161616161616,0.0040404040404,0.0121212121212,0.0040404040404,0
Star67,Drake,4.05943152455,0.48132780083,0.0,0.0,0.0956072351421,0.0077519379845,0.031007751938,0.0232558139535,0.0232558139535,0.0103359173127,0.00516795865633,0.00516795865633,0.0077519379845,0.0129198966408,0.00516795865633,0.0077519379845,0.0077519379845,0.0,0.0,0.00516795865633,0.00258397932817,0.00258397932817,0.00258397932817,0.00258397932817,0.0,0.0180878552972,0.00516795865633,0.00258397932817,0.00516795865633,0.0,0.0,0.0206718346253,0.0129198966408,0.00258397932817,0
Summers Over Interlude,Drake,3.40740740741,0.48275862069,0.0,0.0,0.185185185185,0.0185185185185,0.12962962963,0.0,0.037037037037,0.0,0.0185185185185,0.0,0.0,0.0,0.0,0.0,0.0555555555556,0.0,0.0,0.0,0.0,0.0,0.0,0.0,0.0,0.0,0.0,0.0,0.0185185185185,0.0,0.0,0.0,0.0,0.0,0
Thank Me Now,Drake,4.34355828221,0.530188679245,0.0,0.0,0.0961145194274,0.0224948875256,0.0102249488753,0.0286298568507,0.0163599182004,0.00613496932515,0.0163599182004,0.0122699386503,0.0122699386503,0.0122699386503,0.0040899795501,0.00204498977505,0.0081799591002,0.00204498977505,0.00613496932515,0.00204498977505,0.0081799591002,0.0102249488753,0.0040899795501,0.00204498977505,0.00204498977505,0.0040899795501,0.0,0.0163599182004,0.00613496932515,0.0081799591002,0.00613496932515,0.00204498977505,0.0,0.0,0
The Motto,Drake,4.11764705882,0.438923395445,0.0,0.0,0.0383631713555,0.0281329923274,0.0358056265985,0.0255754475703,0.0153452685422,0.0179028132992,0.0102301790281,0.0076726342711,0.00511508951407,0.0332480818414,0.00255754475703,0.0076726342711,0.00255754475703,0.00255754475703,0.00255754475703,0.0,0.00511508951407,0.0,0.00511508951407,0.0076726342711,0.0,0.0,0.0,0.0,0.0,0.0,0.0,0.00511508951407,0.0076726342711,0.00255754475703,0
The Real Her,Drake,4.1804670913,0.401473296501,0.0,0.0,0.0594479830149,0.0191082802548,0.0424628450106,0.0106157112527,0.0169851380042,0.0106157112527,0.0127388535032,0.0233545647558,0.0191082802548,0.0,0.00636942675159,0.00636942675159,0.0148619957537,0.0148619957537,0.0127388535032,0.0,0.0127388535032,0.0,0.00212314225053,0.0127388535032,0.0,0.00424628450106,0.0127388535032,0.0148619957537,0.0,0.00424628450106,0.00636942675159,0.0,0.00636942675159,0.00424628450106,0
The Ride,Drake,4.45762711864,0.531496062992,0.0,0.0,0.0487288135593,0.0233050847458,0.0190677966102,0.0,0.00635593220339,0.00423728813559,0.0296610169492,0.0169491525424,0.00847457627119,0.021186440678,0.00635593220339,0.00847457627119,0.0,0.00635593220339,0.00423728813559,0.0021186440678,0.0021186440678,0.0,0.0,0.00423728813559,0.0,0.0021186440678,0.00423728813559,0.00423728813559,0.0,0.00635593220339,0.0,0.00423728813559,0.0021186440678,0.0,0
Trophies,Drake,5.05670103093,0.557142857143,0.0,0.0,0.0979381443299,0.00515463917526,0.0257731958763,0.0154639175258,0.0,0.0103092783505,0.0154639175258,0.0,0.0103092783505,0.0154639175258,0.0154639175258,0.0154639175258,0.00515463917526,0.0,0.0103092783505,0.0,0.0,0.0,0.00515463917526,0.0,0.0,0.0,0.00515463917526,0.00515463917526,0.0,0.0,0.0,0.0,0.00515463917526,0.00515463917526,0
Under Ground Kings,Drake,4.13194444444,0.435051546392,0.0,0.0,0.12037037037,0.0208333333333,0.0115740740741,0.0300925925926,0.0185185185185,0.0185185185185,0.0208333333333,0.00231481481481,0.0162037037037,0.0208333333333,0.00694444444444,0.00694444444444,0.00231481481481,0.00694444444444,0.0138888888889,0.00231481481481,0.0,0.0,0.0,0.0,0.0138888888889,0.00694444444444,0.00694444444444,0.00231481481481,0.0,0.0,0.0,0.00925925925926,0.0,0.0,0
Unforgettable,Drake,4.39226519337,0.51724137931,0.0,0.0,0.0828729281768,0.0165745856354,0.00276243093923,0.0193370165746,0.0220994475138,0.00552486187845,0.0165745856354,0.0,0.00552486187845,0.00828729281768,0.0110497237569,0.00552486187845,0.00276243093923,0.0138121546961,0.00276243093923,0.0110497237569,0.0,0.00552486187845,0.00276243093923,0.00552486187845,0.0,0.0165745856354,0.00828729281768,0.00552486187845,0.00276243093923,0.00276243093923,0.0,0.00552486187845,0.00276243093923,0.0,0
Uptown,Drake,3.66467065868,0.340606060606,0.0,0.0,0.12874251497,0.0868263473054,0.00748502994012,0.0838323353293,0.00149700598802,0.0119760479042,0.00898203592814,0.00149700598802,0.00299401197605,0.00299401197605,0.00449101796407,0.0059880239521,0.00149700598802,0.00149700598802,0.00149700598802,0.00299401197605,0.0,0.00299401197605,0.00149700598802,0.0,0.0,0.00149700598802,0.00299401197605,0.00149700598802,0.00149700598802,0.00149700598802,0.0,0.0,0.00149700598802,0.00449101796407,0
We Made It,Drake,3.97391304348,0.422182468694,0.0,0.0,0.0847826086957,0.0108695652174,0.0152173913043,0.0152173913043,0.0152173913043,0.0173913043478,0.0108695652174,0.00434782608696,0.00434782608696,0.0195652173913,0.00217391304348,0.00652173913043,0.00652173913043,0.0,0.0,0.0,0.00217391304348,0.00217391304348,0.0,0.00652173913043,0.00217391304348,0.00217391304348,0.0,0.00217391304348,0.0,0.0,0.0,0.00434782608696,0.00217391304348,0.00434782608696,0
You & The 6,Drake,4.23700623701,0.472924187726,0.0,0.0,0.0852390852391,0.018711018711,0.016632016632,0.029106029106,0.012474012474,0.00623700623701,0.012474012474,0.012474012474,0.014553014553,0.00831600831601,0.00623700623701,0.00831600831601,0.004158004158,0.00623700623701,0.004158004158,0.004158004158,0.00831600831601,0.002079002079,0.010395010395,0.0,0.00831600831601,0.004158004158,0.00831600831601,0.00831600831601,0.0,0.002079002079,0.00623700623701,0.0,0.002079002079,0.004158004158,0
